{
  "White Russian": "3cl Kahlua, 3cl Wodka und 3cl Sahne oder Milch auf Eis shaken und in der Cocktailschale servieren.",
  "Old Fashioned":"3cl Bourbon Whisky, 1cl Sirup, 2 Spirtzer Angustora rühren und im Tumpler servieren.",
  "Negroni" :"2cl Campari, 2cl Wermut, 2cl Gin rühren, mit Eis und Soda auffüllen",
  "Daiquiri" :"5cl weisser Rum, 3cl Zitronensaft und 2cl Simple Sirup im Shaker schütteln und in gekühlter Cocktailschale servieren.",
  "Martini":"4CL Gin, 4cl Wermut, roter oder trockener auf Eis rühren, in eine gekühlte Cocktailschale geben und mit Zitronenschale garnieren ",
  "Planter’s Punch":"2cl Zitrone 1cl Grenadine 8cl Orangensaft 6cl Brauner Rum mit Eis shaken, abseifer und garniert im Highball Glas servieren" ,
  "Swimming Pool" :"2cl Sahne, 2cl Kokosnußcreme, 6cl Ananassaft, 2cl Wodka, 2cl weisser Rum, 1cl Curacacao blue mit Eis shaken, abseifer und garniert im Highbal Glass servieren ",
  "Capihirina": "6 Limettenachtel und 1 Bar Löffel Brauner Zucker in ein COcktailglas geben und kräftig stoßen. Dann 5cl Cachaca dazu geben, crushed Eis aufüllen, mit dem Barlöffel durchmischen. Eventuell noch mit Rose Lime Juice süßen ",
  "Manhattan" :"4cl Bourbon Whisky, 2cl Wermut, 2 Spritzer Angustora rühren und im Tumpler servieren.",
  "Moscow Mule" :"5cl Wodka in ein Highball Glas geben, mit Eis und Ginger Beer oder Ginger Ale auffüllen. Mit Zitronenschale garnieren.",
  "Munich Mule" :"5cl Gin in ein Highball Glas geben, mit Eis und Ginger Beer oder Ginger Ale auffüllen. Mit Gurkenstreifen garnieren.",
  "Gin Fizz" :"2cl Zitronensaft, 1cl Sirup, 1 Bar Löffel Puderzucker und 5cl Gin mit Eis kräftig shaken, in ein Eis gefülltes Highball Glas und mit Soda auffüllen.",
  "Gin Tonic" :" 4cl Gin in ein Eis gefülltes Longdrink Glas, mit Zitronenschale oder Grukenstücke garnieren und mit Tonic auffüllen. War das jetzt wirklich nötig? "
}